csd_id,GapC,ETC,VBdispC,CBdispC,AtomNumC,RhoC,EpsilonC,DFC,DFC_ST
ABECAL,1.13712,1.178138748,0.07127,0.07828,184,0.793748576,3.191412427,-1.219157496,-0.04101874800000016
ANTCEN,1.95118,1.964431885,0.217,0.25799,48,0.749904862,3.001917481,-1.97768377,-0.013251885000000074
BEANTR,2.0243,2.188501347,0.2651,0.2408,60,0.741438725,2.938142534,-2.352702694,-0.16420134699999966
BENZEN,4.3761,4.50778927,0.30191,0.24725,48,0.635486702,3.003321315,-4.63947854,-0.13168926999999986
BIFUOR,2.99476,3.168757521,0.18199,0.29375,176,0.744847862,3.438733559,-3.342755042,-0.173997521
BIGJUX,1.38582,1.368664359,0.02324,0.03117,480,0.76362052,3.038544241,-1.351508718,0.017155641
BIPHEN,3.20463,3.225683088,0.2164,0.34705,44,0.714323203,2.887370424,-3.246736176,-0.021053087999999942
BNPERY,2.09305,2.145211944,0.10898,0.09404,136,0.81162796,3.759170062,-2.197373888,-0.05216194400000029
BNPYRE10,1.733,1.871856474,0.15216,0.54339,128,0.814769314,3.242602659,-2.010712948,-0.138856474
BOXGAW,1.02513,1.065145348,0.28557,0.33577,224,0.895941714,4.31977875,-1.105160696,-0.04001534799999984
BZPHAN,2.57503,2.577259485,0.21214,0.16599,120,0.76058179,3.026866864,-2.57948897,-0.0022294849999999755
CARREU,1.05262,1.030695156,0.04114,0.0996,180,0.755257676,2.997511074,-1.008770312,0.021924843999999943
CENXUO,2.19228,2.188131266,0.0489,0.06443,264,0.798209007,3.6951989,-2.183982532,0.00414873399999971
CENYAV,2.11966,2.168731464,0.07807,0.07821,132,0.767087891,3.046543697,-2.217802928,-0.04907146399999984
CENYEZ,2.15023,2.197402977,0.11569,0.06149,264,0.796095027,3.167006046,-2.244575954,-0.04717297699999978
CEQGEL,2.3321,2.352734111,0.07799,0.09168,128,0.791672874,3.117740156,-2.373368222,-0.02063411100000012
CORANN12,2.59671,2.67221737,0.04633,0.05478,240,0.827377091,3.221796508,-2.74772474,-0.07550736999999996
CORONE01,2.38216,2.496015188,0.33102,0.17834,72,0.837556386,3.889899875,-2.609870376,-0.11385518800000005
CORXAI10,1.39752,1.408447336,0.12018,0.38739,208,0.875969218,4.233726686,-1.419374672,-0.010927335999999954
CRYSEN01,2.41607,2.628832697,0.38621,0.26792,120,0.776715202,3.641015627,-2.841595394,-0.21276269700000006
DBNTHR02,2.34285,2.334918521,0.05845,0.1817,144,0.77122269,3.067309133,-2.326987042,0.007931478999999797
DBPERY,1.56823,1.682740356,0.18855,0.43531,176,0.835639249,3.961356503,-1.797250712,-0.11451035600000004
DBPHEN02,2.36323,2.517066111,0.29889,0.1831,144,0.774091069,3.077811357,-2.670902222,-0.15383611099999994
DBZCOR,1.86136,1.991139147,0.12101,0.4456,192,0.878092671,3.460587003,-2.120918294,-0.12977914700000004
DNAPAN,1.84295,1.926462373,0.06899,0.19067,192,0.790114335,3.133036736,-2.009974746,-0.0835123729999998
DPANTR01,1.90796,1.923556889,0.20743,0.14199,176,0.744865923,2.997518953,-1.939153778,-0.015596889000000003
DUPHAX,1.14115,1.188769801,0.20029,0.23621,248,0.883259506,3.480783029,-1.236389602,-0.04761980099999996
FACPEE,2.45926,2.483957943,0.03013,0.03543,272,0.770369001,3.062708875,-2.508655886,-0.024697943000000055
FLUANT02,2.35803,2.401728412,0.04276,0.13135,208,0.754016449,3.007388166,-2.445426824,-0.04369841200000035
FOVVOB,3.20712,3.270299854,0.05135,0.11784,208,0.723631141,3.340036465,-3.333479708,-0.06317985399999992
GUQZUP,2.04405,2.098778138,0.08956,0.11187,144,0.88025876,3.50148982,-2.153506276,-0.054728138000000204
HBZCOR,1.66124,1.915030934,0.43506,0.30504,120,0.934626096,4.580154116,-2.168821868,-0.25379093399999997
HPHBNZ03,3.47416,3.584801036,0.08255,0.09059,288,0.727688302,2.91369162,-3.695442072,-0.11064103600000008
IZUCIP,2.33334,2.367098101,0.04621,0.09707,208,0.80162552,3.766089671,-2.400856202,-0.03375810099999965
JULSOY,1.31764,1.373293235,0.10402,0.06322,256,0.852981221,4.042865768,-1.42894647,-0.05565323500000008
KAFVUI,1.92366,1.977847158,0.03444,0.38565,155,0.840797746,3.345396586,-2.032034316,-0.05418715800000018
KAGFOP,1.09353,1.076752492,0.07499,0.11589,232,0.764639447,3.047545763,-1.059974984,0.016777507999999886
KAGFUV,1.3011,1.326198619,0.07058,0.07742,448,0.809105308,3.204886324,-1.351297238,-0.02509861899999999
KAGGAC,1.2495,1.213423133,0.03896,0.0904,152,0.719552634,2.946589916,-1.177346266,0.03607686700000001
KAGGEG,0.83777,0.876625334,0.40131,0.21544,76,0.845400362,4.050972956,-0.915480668,-0.038855333999999964
KAGGIK,1.23506,1.254442467,0.09994,0.0829,124,0.750691043,3.154171592,-1.273824934,-0.019382467000000014
KAQLEV,1.93488,2.001125128,0.35213,0.08189,96,0.845114176,3.390203686,-2.067370256,-0.06624512800000004
KECLAH,0.70033,0.669761708,0.06576,0.10035,272,0.778944866,3.079609565,-0.639193416,0.030568291999999997
KEGHEJ01,0.97361,1.213382734,0.21243,0.62176,44,0.787444705,3.6297586,-1.453155468,-0.2397727340000001
KIDJUD03,3.1591,3.158864236,0.23719,0.19385,52,0.725047015,2.924365464,-3.158628472,0.0002357640000001382
KUBVUY,1.99075,1.849404298,0.07837,0.01859,264,0.717084158,2.859561351,-1.708058596,0.14134570199999996
KUBWAF01,1.81304,1.93511983,0.09457,0.12923,184,0.767610865,3.071155053,-2.05719966,-0.12207983000000011
KUZXUA,1.98991,2.068120999,0.1909,0.23058,96,0.891011689,3.535812629,-2.146331998,-0.07821099899999995
LIMCUF,1.93768,2.034312847,0.12507,0.35821,144,0.798213536,3.845883767,-2.130945694,-0.09663284699999974
NAPANT01,0.81726,0.879225528,0.15041,0.11591,104,0.851472861,4.03458698,-0.941191056,-0.06196552799999999
OBOHUL,0.81548,0.732012442,0.15269,0.16624,94,0.720987963,2.974841854,-0.648544884,0.08346755799999994
OVALEN01,1.69062,1.711223614,0.27175,0.15215,92,0.890904158,4.221137411,-1.731827228,-0.02060361399999988
PENCEN,0.64213,0.77366119,0.20731,0.28752,72,0.804047554,3.810192314,-0.90519238,-0.13153119000000002
PERLEN05,1.45177,1.582200813,0.04803,0.28718,128,0.836083434,3.345156156,-1.712631626,-0.13043081300000003
PERLEN07,1.34019,1.525431874,0.54275,0.32596,64,0.84609077,3.405227426,-1.710673748,-0.18524187399999992
PEZPIU,1.8442,1.95868672,0.13179,0.06286,208,0.755580981,3.461697941,-2.07317344,-0.11448671999999993
PEZPUG,1.8275,1.917839641,0.14899,0.04377,208,0.780592356,3.157019377,-2.008179282,-0.09033964100000014
PHNAPH,0.82855,0.932445927,0.30635,0.35923,92,0.838170274,3.329241061,-1.036341854,-0.10389592699999994
POBPIG,1.20874,1.290381647,0.02654,0.09289,192,0.83568488,3.333495466,-1.372023294,-0.0816416470000001
POBPIG06,1.2192,1.311565636,0.26324,0.1982,96,0.778426156,3.069857647,-1.403931272,-0.09236563600000003
PUJQIV,1.60792,1.781500187,0.21486,0.16319,68,0.766777951,3.13670104,-1.955080374,-0.173580187
PUNVEA,3.24522,3.276948831,0.03487,0.03135,528,0.729032242,3.352753929,-3.308677662,-0.03172883099999968
PUNVIE,3.18407,3.234425832,0.05956,0.09963,124,0.721445526,2.899940029,-3.284781664,-0.05035583199999971
PYRCEN,2.69078,2.792580171,0.52665,0.20622,52,0.784167771,3.856489488,-2.894380342,-0.10180017099999983
PYRPYR10,1.873,1.912409841,0.11175,0.06334,184,0.830449183,3.306474758,-1.951819682,-0.03940984100000011
QQQCIG04,1.01556,1.148052713,0.47995,0.25879,140,0.780602668,3.125107155,-1.280545426,-0.13249271299999998
QQQCIG13,1.34326,1.274193203,0.0918,0.04267,140,0.770150083,3.071925753,-1.205126406,0.06906679699999985
QQQCIG14,1.17944,1.18974621,0.43311,0.14759,70,0.779345328,3.118020978,-1.20005242,-0.010306209999999982
QUATER10,0.62756,0.704553312,0.04828,0.15279,240,0.893558729,3.586833984,-0.781546624,-0.07699331200000004
QUPHEN,2.34457,2.40130914,0.13722,0.33793,84,0.755926873,3.055511834,-2.45804828,-0.05673913999999991
QUPHEN01,2.39894,2.498649803,0.09672,0.18048,168,0.78099569,3.236288487,-2.598359606,-0.0997098030000001
RAKGOA,2.27602,2.380197073,0.15163,0.16004,336,0.878699687,3.472898052,-2.484374146,-0.10417707300000023
REBWIE,1.77077,1.838033652,0.04442,0.12547,192,0.803659291,3.208564317,-1.905297304,-0.06726365200000006
SANQII,2.19687,2.270078817,0.12857,0.12567,144,0.789828345,3.69571024,-2.343287634,-0.07320881699999982
SETTES,1.78284,1.867214246,0.18107,0.52945,120,0.912341043,3.638568899,-1.951588492,-0.0843742460000001
SURTAA,1.69915,1.812090064,0.39436,0.14121,144,0.836848758,3.339176828,-1.925030128,-0.112940064
TAYSUJ,0.85558,0.791258056,0.03338,0.00984,272,0.765731478,3.040978419,-0.726936112,0.06432194400000002
TBZHCE,1.05354,1.25602621,0.15394,0.31512,256,0.86074016,3.412365745,-1.45851242,-0.20248621
TBZPER,1.70135,1.7376445,0.07237,0.08602,416,0.836773424,3.92453522,-1.773939,-0.03629450000000012
TBZPYR,1.84585,1.907766646,0.3134,0.18753,88,0.83029039,3.304521146,-1.969683292,-0.06191664600000002
TEBNAP,2.37185,2.404681678,0.11511,0.04386,168,0.796166253,3.72714488,-2.437513356,-0.03283167800000042
TERPHE02,2.63744,2.677298107,0.16393,0.34271,64,0.744144483,3.007784413,-2.717156214,-0.03985810700000014
TERPHO02,3.362,3.472049768,0.07122,0.17254,128,0.70167238,3.246650745,-3.582099536,-0.1100497680000001
TETCEN01,1.09876,1.217567706,0.21531,0.28687,60,0.796884594,3.206722615,-1.336375412,-0.11880770600000012
TPHBEN01,3.08905,3.196457639,0.21519,0.14528,168,0.723797988,2.929034602,-3.303865278,-0.10740763900000028
TRIPHE12,2.97412,3.105837863,0.17368,0.16037,120,0.798022532,3.16055076,-3.237555726,-0.131717863
VEBJAO,1.00826,0.926679267,0.01269,0.01318,544,0.747768024,2.983684534,-0.845098534,0.0815807329999999
VEBJES,1.00414,0.925934886,0.03122,0.01432,152,0.723586315,2.887750795,-0.847729772,0.07820511400000008
VEBJIW,0.8601,0.913783694,0.09024,0.07031,448,0.730846514,2.92410641,-0.967467388,-0.05368369400000006
VEBJOC,0.92642,0.820390119,0.07836,0.13078,96,0.767761865,3.088541942,-0.714360238,0.10602988099999999
VEBKAP,0.60127,0.722682189,0.10067,0.0852,184,0.761768336,3.023980806,-0.844094378,-0.12141218900000006
VEHCAM,2.10635,2.122239986,0.02153,0.05433,384,0.72610235,2.87219407,-2.138129972,-0.01588998599999991
VUFHUA,1.92222,2.17304372,0.35875,0.48469,268,0.913153779,4.518702466,-2.42386744,-0.25082371999999986
XECJIZ,1.19171,1.211018797,0.08349,0.21319,100,0.77271382,3.122210244,-1.230327594,-0.019308796999999878
YITJAN,2.15013,2.19476934,0.03148,0.03708,320,0.766929575,3.57123988,-2.240271568,-0.04463934000000025
YOFCUR,1.41848,1.522684022,0.28257,0.2355,136,0.940468828,3.720680655,-1.626888044,-0.10420402200000001
YUNYAJ,1.34454,1.508228747,0.15698,0.48015,100,0.920042078,3.659280025,-1.671917494,-0.1636887469999999
ZZZDKE01,0.44081,0.412285378,0.21254,0.27868,84,0.835747548,3.379013539,-0.383760756,0.028524622
ZZZNKU01,2.14776,2.243411413,0.13272,0.34751,104,0.777513311,3.713367867,-2.339062826,-0.09565141300000013
ZZZNTQ01,2.02512,2.113756978,0.12785,0.35003,124,0.783819922,3.179800796,-2.202393956,-0.08863697800000025
ZZZOYC01,2.31318,2.57179032,0.55072,0.28001,72,0.789354456,3.14698368,-2.83040064,-0.25861031999999984
